Название группы,Заголовок 1 - До 56 символов,,,Заголовок 2 - До 30 символов,,,Описание - До 81 символа,,,Заголовки быстрых ссылок - До 66 (суммарно),,,Описания быстрых ссылок - До 60 (каждое),,,Уточнения - До 66 (суммарно),,
70x90,Душевая кабина 70x90 + установка под ключ в Москве/МО,53,-3,Гарантия монтажа 1 год. Сервис,30,0,Соберем и подключим. Запустим. Гарантия монтажа 1 год. Оплата по факту. Пишите.,79,-2,Каталог 2400+||Прайс монтажа||Доставка Москва/МО||Оплата по факту,65,-1,2400+ моделей. Фильтры по размерам и типам. Выберите вариант||Прозрачный прайс по типу кабины: простая гидро электро бокс.||Москва бесплатно. МО от 40 руб/км от МКАД. Доставка 1-2 дня.||Оплата по факту доставки или монтажа. Наличные или онлайн WA,60,0,Гарантия монтажа 1 год||Оплата по факту||Москва бесплатно||МО 40 руб/км,65,-1
70x90,Душевая кабина 70x90 + монтаж под ключ в день доставки,54,-2,Доставка по Москве бесплатно,28,-2,Доставка 1-2 дня и по выходным. Москва бесплатно. МО: 40 руб/км от МКАД. Заявка,79,-2,Каталог 2400+||Прайс монтажа||Доставка Москва/МО||Оплата по факту,65,-1,2400+ моделей. Фильтры по размерам и типам. Выберите вариант||Прозрачный прайс по типу кабины: простая гидро электро бокс.||Москва бесплатно. МО от 40 руб/км от МКАД. Доставка 1-2 дня.||Оплата по факту доставки или монтажа. Наличные или онлайн WA,60,0,Гарантия монтажа 1 год||Оплата по факту||Москва бесплатно||МО 40 руб/км,65,-1
70x90,Душевая кабина 70x90 + установка под ключ в Москве/МО,53,-3,Ответ в WhatsApp. Онлайн/нал,28,-2,Оплата по факту доставки или установки. Нал/онлайн. WhatsApp для связи. Пишите.,79,-2,Каталог 2400+||Прайс монтажа||Доставка Москва/МО||Оплата по факту,65,-1,2400+ моделей. Фильтры по размерам и типам. Выберите вариант||Прозрачный прайс по типу кабины: простая гидро электро бокс.||Москва бесплатно. МО от 40 руб/км от МКАД. Доставка 1-2 дня.||Оплата по факту доставки или монтажа. Наличные или онлайн WA,60,0,Гарантия монтажа 1 год||Оплата по факту||Москва бесплатно||МО 40 руб/км,65,-1
70x90,Душевая кабина 70x90 + установка под ключ в Москве/МО,53,-3,Каталог 2400+ моделей. Фильтры,30,0,2400+ моделей. Фильтры по размеру и типу. River Niagara Erlit. Подбор. Напишите.,80,-1,Каталог 2400+||Прайс монтажа||Доставка Москва/МО||Оплата по факту,65,-1,2400+ моделей. Фильтры по размерам и типам. Выберите вариант||Прозрачный прайс по типу кабины: простая гидро электро бокс.||Москва бесплатно. МО от 40 руб/км от МКАД. Доставка 1-2 дня.||Оплата по факту доставки или монтажа. Наличные или онлайн WA,60,0,Гарантия монтажа 1 год||Оплата по факту||Москва бесплатно||МО 40 руб/км,65,-1
70x90,Душевая кабина 70x90 + монтаж под ключ в день доставки,54,-2,Прайс монтажа: простая/гидро,28,-2,Прозрачный прайс по типу кабины: простая/гидро/электро. Рассчитаем цену. Напишите,81,0,Каталог 2400+||Прайс монтажа||Доставка Москва/МО||Оплата по факту,65,-1,2400+ моделей. Фильтры по размерам и типам. Выберите вариант||Прозрачный прайс по типу кабины: простая гидро электро бокс.||Москва бесплатно. МО от 40 руб/км от МКАД. Доставка 1-2 дня.||Оплата по факту доставки или монтажа. Наличные или онлайн WA,60,0,Гарантия монтажа 1 год||Оплата по факту||Москва бесплатно||МО 40 руб/км,65,-1
80x80,Душевая кабина 80x80 + установка под ключ в Москве/МО,53,-3,Гарантия монтажа 1 год. Сервис,30,0,Соберем и подключим. Запустим. Гарантия монтажа 1 год. Оплата по факту. Пишите.,79,-2,Каталог 2400+||Прайс монтажа||Доставка Москва/МО||Оплата по факту,65,-1,2400+ моделей. Фильтры по размерам и типам. Выберите вариант||Прозрачный прайс по типу кабины: простая гидро электро бокс.||Москва бесплатно. МО от 40 руб/км от МКАД. Доставка 1-2 дня.||Оплата по факту доставки или монтажа. Наличные или онлайн WA,60,0,Гарантия монтажа 1 год||Оплата по факту||Москва бесплатно||МО 40 руб/км,65,-1
80x80,Душевая кабина 80x80 + монтаж под ключ в день доставки,54,-2,Доставка по Москве бесплатно,28,-2,Доставка 1-2 дня и по выходным. Москва бесплатно. МО: 40 руб/км от МКАД. Заявка,79,-2,Каталог 2400+||Прайс монтажа||Доставка Москва/МО||Оплата по факту,65,-1,2400+ моделей. Фильтры по размерам и типам. Выберите вариант||Прозрачный прайс по типу кабины: простая гидро электро бокс.||Москва бесплатно. МО от 40 руб/км от МКАД. Доставка 1-2 дня.||Оплата по факту доставки или монтажа. Наличные или онлайн WA,60,0,Гарантия монтажа 1 год||Оплата по факту||Москва бесплатно||МО 40 руб/км,65,-1
80x80,Душевая кабина 80x80 + установка под ключ в Москве/МО,53,-3,Ответ в WhatsApp. Онлайн/нал,28,-2,Оплата по факту доставки или установки. Нал/онлайн. WhatsApp для связи. Пишите.,79,-2,Каталог 2400+||Прайс монтажа||Доставка Москва/МО||Оплата по факту,65,-1,2400+ моделей. Фильтры по размерам и типам. Выберите вариант||Прозрачный прайс по типу кабины: простая гидро электро бокс.||Москва бесплатно. МО от 40 руб/км от МКАД. Доставка 1-2 дня.||Оплата по факту доставки или монтажа. Наличные или онлайн WA,60,0,Гарантия монтажа 1 год||Оплата по факту||Москва бесплатно||МО 40 руб/км,65,-1
80x80,Душевая кабина 80x80 + установка под ключ в Москве/МО,53,-3,Каталог 2400+ моделей. Фильтры,30,0,2400+ моделей. Фильтры по размеру и типу. River Niagara Erlit. Подбор. Напишите.,80,-1,Каталог 2400+||Прайс монтажа||Доставка Москва/МО||Оплата по факту,65,-1,2400+ моделей. Фильтры по размерам и типам. Выберите вариант||Прозрачный прайс по типу кабины: простая гидро электро бокс.||Москва бесплатно. МО от 40 руб/км от МКАД. Доставка 1-2 дня.||Оплата по факту доставки или монтажа. Наличные или онлайн WA,60,0,Гарантия монтажа 1 год||Оплата по факту||Москва бесплатно||МО 40 руб/км,65,-1
80x80,Душевая кабина 80x80 + монтаж под ключ в день доставки,54,-2,Прайс монтажа: простая/гидро,28,-2,Прозрачный прайс по типу кабины: простая/гидро/электро. Рассчитаем цену. Напишите,81,0,Каталог 2400+||Прайс монтажа||Доставка Москва/МО||Оплата по факту,65,-1,2400+ моделей. Фильтры по размерам и типам. Выберите вариант||Прозрачный прайс по типу кабины: простая гидро электро бокс.||Москва бесплатно. МО от 40 руб/км от МКАД. Доставка 1-2 дня.||Оплата по факту доставки или монтажа. Наличные или онлайн WA,60,0,Гарантия монтажа 1 год||Оплата по факту||Москва бесплатно||МО 40 руб/км,65,-1
90x90,Душевая кабина 90x90 + установка под ключ в Москве/МО,53,-3,Гарантия монтажа 1 год. Сервис,30,0,Соберем и подключим. Запустим. Гарантия монтажа 1 год. Оплата по факту. Пишите.,79,-2,Каталог 2400+||Прайс монтажа||Доставка Москва/МО||Оплата по факту,65,-1,2400+ моделей. Фильтры по размерам и типам. Выберите вариант||Прозрачный прайс по типу кабины: простая гидро электро бокс.||Москва бесплатно. МО от 40 руб/км от МКАД. Доставка 1-2 дня.||Оплата по факту доставки или монтажа. Наличные или онлайн WA,60,0,Гарантия монтажа 1 год||Оплата по факту||Москва бесплатно||МО 40 руб/км,65,-1
90x90,Душевая кабина 90x90 + монтаж под ключ в день доставки,54,-2,Доставка по Москве бесплатно,28,-2,Доставка 1-2 дня и по выходным. Москва бесплатно. МО: 40 руб/км от МКАД. Заявка,79,-2,Каталог 2400+||Прайс монтажа||Доставка Москва/МО||Оплата по факту,65,-1,2400+ моделей. Фильтры по размерам и типам. Выберите вариант||Прозрачный прайс по типу кабины: простая гидро электро бокс.||Москва бесплатно. МО от 40 руб/км от МКАД. Доставка 1-2 дня.||Оплата по факту доставки или монтажа. Наличные или онлайн WA,60,0,Гарантия монтажа 1 год||Оплата по факту||Москва бесплатно||МО 40 руб/км,65,-1
90x90,Душевая кабина 90x90 + установка под ключ в Москве/МО,53,-3,Ответ в WhatsApp. Онлайн/нал,28,-2,Оплата по факту доставки или установки. Нал/онлайн. WhatsApp для связи. Пишите.,79,-2,Каталог 2400+||Прайс монтажа||Доставка Москва/МО||Оплата по факту,65,-1,2400+ моделей. Фильтры по размерам и типам. Выберите вариант||Прозрачный прайс по типу кабины: простая гидро электро бокс.||Москва бесплатно. МО от 40 руб/км от МКАД. Доставка 1-2 дня.||Оплата по факту доставки или монтажа. Наличные или онлайн WA,60,0,Гарантия монтажа 1 год||Оплата по факту||Москва бесплатно||МО 40 руб/км,65,-1
90x90,Душевая кабина 90x90 + установка под ключ в Москве/МО,53,-3,Каталог 2400+ моделей. Фильтры,30,0,2400+ моделей. Фильтры по размеру и типу. River Niagara Erlit. Подбор. Напишите.,80,-1,Каталог 2400+||Прайс монтажа||Доставка Москва/МО||Оплата по факту,65,-1,2400+ моделей. Фильтры по размерам и типам. Выберите вариант||Прозрачный прайс по типу кабины: простая гидро электро бокс.||Москва бесплатно. МО от 40 руб/км от МКАД. Доставка 1-2 дня.||Оплата по факту доставки или монтажа. Наличные или онлайн WA,60,0,Гарантия монтажа 1 год||Оплата по факту||Москва бесплатно||МО 40 руб/км,65,-1
90x90,Душевая кабина 90x90 + монтаж под ключ в день доставки,54,-2,Прайс монтажа: простая/гидро,28,-2,Прозрачный прайс по типу кабины: простая/гидро/электро. Рассчитаем цену. Напишите,81,0,Каталог 2400+||Прайс монтажа||Доставка Москва/МО||Оплата по факту,65,-1,2400+ моделей. Фильтры по размерам и типам. Выберите вариант||Прозрачный прайс по типу кабины: простая гидро электро бокс.||Москва бесплатно. МО от 40 руб/км от МКАД. Доставка 1-2 дня.||Оплата по факту доставки или монтажа. Наличные или онлайн WA,60,0,Гарантия монтажа 1 год||Оплата по факту||Москва бесплатно||МО 40 руб/км,65,-1
100x100,Душевая кабина 100x100 + установка под ключ в Москве/МО,55,-1,Гарантия монтажа 1 год. Сервис,30,0,Соберем и подключим. Запустим. Гарантия монтажа 1 год. Оплата по факту. Пишите.,79,-2,Каталог 2400+||Прайс монтажа||Доставка Москва/МО||Оплата по факту,65,-1,2400+ моделей. Фильтры по размерам и типам. Выберите вариант||Прозрачный прайс по типу кабины: простая гидро электро бокс.||Москва бесплатно. МО от 40 руб/км от МКАД. Доставка 1-2 дня.||Оплата по факту доставки или монтажа. Наличные или онлайн WA,60,0,Гарантия монтажа 1 год||Оплата по факту||Москва бесплатно||МО 40 руб/км,65,-1
100x100,Душевая кабина 100x100 + монтаж под ключ в день доставки,56,0,Доставка по Москве бесплатно,28,-2,Доставка 1-2 дня и по выходным. Москва бесплатно. МО: 40 руб/км от МКАД. Заявка,79,-2,Каталог 2400+||Прайс монтажа||Доставка Москва/МО||Оплата по факту,65,-1,2400+ моделей. Фильтры по размерам и типам. Выберите вариант||Прозрачный прайс по типу кабины: простая гидро электро бокс.||Москва бесплатно. МО от 40 руб/км от МКАД. Доставка 1-2 дня.||Оплата по факту доставки или монтажа. Наличные или онлайн WA,60,0,Гарантия монтажа 1 год||Оплата по факту||Москва бесплатно||МО 40 руб/км,65,-1
100x100,Душевая кабина 100x100 + установка под ключ в Москве/МО,55,-1,Ответ в WhatsApp. Онлайн/нал,28,-2,Оплата по факту доставки или установки. Нал/онлайн. WhatsApp для связи. Пишите.,79,-2,Каталог 2400+||Прайс монтажа||Доставка Москва/МО||Оплата по факту,65,-1,2400+ моделей. Фильтры по размерам и типам. Выберите вариант||Прозрачный прайс по типу кабины: простая гидро электро бокс.||Москва бесплатно. МО от 40 руб/км от МКАД. Доставка 1-2 дня.||Оплата по факту доставки или монтажа. Наличные или онлайн WA,60,0,Гарантия монтажа 1 год||Оплата по факту||Москва бесплатно||МО 40 руб/км,65,-1
100x100,Душевая кабина 100x100 + установка под ключ в Москве/МО,55,-1,Каталог 2400+ моделей. Фильтры,30,0,2400+ моделей. Фильтры по размеру и типу. River Niagara Erlit. Подбор. Напишите.,80,-1,Каталог 2400+||Прайс монтажа||Доставка Москва/МО||Оплата по факту,65,-1,2400+ моделей. Фильтры по размерам и типам. Выберите вариант||Прозрачный прайс по типу кабины: простая гидро электро бокс.||Москва бесплатно. МО от 40 руб/км от МКАД. Доставка 1-2 дня.||Оплата по факту доставки или монтажа. Наличные или онлайн WA,60,0,Гарантия монтажа 1 год||Оплата по факту||Москва бесплатно||МО 40 руб/км,65,-1
100x100,Душевая кабина 100x100 + монтаж под ключ в день доставки,56,0,Прайс монтажа: простая/гидро,28,-2,Прозрачный прайс по типу кабины: простая/гидро/электро. Рассчитаем цену. Напишите,81,0,Каталог 2400+||Прайс монтажа||Доставка Москва/МО||Оплата по факту,65,-1,2400+ моделей. Фильтры по размерам и типам. Выберите вариант||Прозрачный прайс по типу кабины: простая гидро электро бокс.||Москва бесплатно. МО от 40 руб/км от МКАД. Доставка 1-2 дня.||Оплата по факту доставки или монтажа. Наличные или онлайн WA,60,0,Гарантия монтажа 1 год||Оплата по факту||Москва бесплатно||МО 40 руб/км,65,-1
100x80,Душевая кабина 100x80 + установка под ключ в Москве/МО,54,-2,Гарантия монтажа 1 год. Сервис,30,0,Соберем и подключим. Запустим. Гарантия монтажа 1 год. Оплата по факту. Пишите.,79,-2,Каталог 2400+||Прайс монтажа||Доставка Москва/МО||Оплата по факту,65,-1,2400+ моделей. Фильтры по размерам и типам. Выберите вариант||Прозрачный прайс по типу кабины: простая гидро электро бокс.||Москва бесплатно. МО от 40 руб/км от МКАД. Доставка 1-2 дня.||Оплата по факту доставки или монтажа. Наличные или онлайн WA,60,0,Гарантия монтажа 1 год||Оплата по факту||Москва бесплатно||МО 40 руб/км,65,-1
100x80,Душевая кабина 100x80 + монтаж под ключ в день доставки,55,-1,Доставка по Москве бесплатно,28,-2,Доставка 1-2 дня и по выходным. Москва бесплатно. МО: 40 руб/км от МКАД. Заявка,79,-2,Каталог 2400+||Прайс монтажа||Доставка Москва/МО||Оплата по факту,65,-1,2400+ моделей. Фильтры по размерам и типам. Выберите вариант||Прозрачный прайс по типу кабины: простая гидро электро бокс.||Москва бесплатно. МО от 40 руб/км от МКАД. Доставка 1-2 дня.||Оплата по факту доставки или монтажа. Наличные или онлайн WA,60,0,Гарантия монтажа 1 год||Оплата по факту||Москва бесплатно||МО 40 руб/км,65,-1
100x80,Душевая кабина 100x80 + установка под ключ в Москве/МО,54,-2,Ответ в WhatsApp. Онлайн/нал,28,-2,Оплата по факту доставки или установки. Нал/онлайн. WhatsApp для связи. Пишите.,79,-2,Каталог 2400+||Прайс монтажа||Доставка Москва/МО||Оплата по факту,65,-1,2400+ моделей. Фильтры по размерам и типам. Выберите вариант||Прозрачный прайс по типу кабины: простая гидро электро бокс.||Москва бесплатно. МО от 40 руб/км от МКАД. Доставка 1-2 дня.||Оплата по факту доставки или монтажа. Наличные или онлайн WA,60,0,Гарантия монтажа 1 год||Оплата по факту||Москва бесплатно||МО 40 руб/км,65,-1
100x80,Душевая кабина 100x80 + установка под ключ в Москве/МО,54,-2,Каталог 2400+ моделей. Фильтры,30,0,2400+ моделей. Фильтры по размеру и типу. River Niagara Erlit. Подбор. Напишите.,80,-1,Каталог 2400+||Прайс монтажа||Доставка Москва/МО||Оплата по факту,65,-1,2400+ моделей. Фильтры по размерам и типам. Выберите вариант||Прозрачный прайс по типу кабины: простая гидро электро бокс.||Москва бесплатно. МО от 40 руб/км от МКАД. Доставка 1-2 дня.||Оплата по факту доставки или монтажа. Наличные или онлайн WA,60,0,Гарантия монтажа 1 год||Оплата по факту||Москва бесплатно||МО 40 руб/км,65,-1
100x80,Душевая кабина 100x80 + монтаж под ключ в день доставки,55,-1,Прайс монтажа: простая/гидро,28,-2,Прозрачный прайс по типу кабины: простая/гидро/электро. Рассчитаем цену. Напишите,81,0,Каталог 2400+||Прайс монтажа||Доставка Москва/МО||Оплата по факту,65,-1,2400+ моделей. Фильтры по размерам и типам. Выберите вариант||Прозрачный прайс по типу кабины: простая гидро электро бокс.||Москва бесплатно. МО от 40 руб/км от МКАД. Доставка 1-2 дня.||Оплата по факту доставки или монтажа. Наличные или онлайн WA,60,0,Гарантия монтажа 1 год||Оплата по факту||Москва бесплатно||МО 40 руб/км,65,-1
110x80,Душевая кабина 110x80 + установка под ключ в Москве/МО,54,-2,Гарантия монтажа 1 год. Сервис,30,0,Соберем и подключим. Запустим. Гарантия монтажа 1 год. Оплата по факту. Пишите.,79,-2,Каталог 2400+||Прайс монтажа||Доставка Москва/МО||Оплата по факту,65,-1,2400+ моделей. Фильтры по размерам и типам. Выберите вариант||Прозрачный прайс по типу кабины: простая гидро электро бокс.||Москва бесплатно. МО от 40 руб/км от МКАД. Доставка 1-2 дня.||Оплата по факту доставки или монтажа. Наличные или онлайн WA,60,0,Гарантия монтажа 1 год||Оплата по факту||Москва бесплатно||МО 40 руб/км,65,-1
110x80,Душевая кабина 110x80 + монтаж под ключ в день доставки,55,-1,Доставка по Москве бесплатно,28,-2,Доставка 1-2 дня и по выходным. Москва бесплатно. МО: 40 руб/км от МКАД. Заявка,79,-2,Каталог 2400+||Прайс монтажа||Доставка Москва/МО||Оплата по факту,65,-1,2400+ моделей. Фильтры по размерам и типам. Выберите вариант||Прозрачный прайс по типу кабины: простая гидро электро бокс.||Москва бесплатно. МО от 40 руб/км от МКАД. Доставка 1-2 дня.||Оплата по факту доставки или монтажа. Наличные или онлайн WA,60,0,Гарантия монтажа 1 год||Оплата по факту||Москва бесплатно||МО 40 руб/км,65,-1
110x80,Душевая кабина 110x80 + установка под ключ в Москве/МО,54,-2,Ответ в WhatsApp. Онлайн/нал,28,-2,Оплата по факту доставки или установки. Нал/онлайн. WhatsApp для связи. Пишите.,79,-2,Каталог 2400+||Прайс монтажа||Доставка Москва/МО||Оплата по факту,65,-1,2400+ моделей. Фильтры по размерам и типам. Выберите вариант||Прозрачный прайс по типу кабины: простая гидро электро бокс.||Москва бесплатно. МО от 40 руб/км от МКАД. Доставка 1-2 дня.||Оплата по факту доставки или монтажа. Наличные или онлайн WA,60,0,Гарантия монтажа 1 год||Оплата по факту||Москва бесплатно||МО 40 руб/км,65,-1
110x80,Душевая кабина 110x80 + установка под ключ в Москве/МО,54,-2,Каталог 2400+ моделей. Фильтры,30,0,2400+ моделей. Фильтры по размеру и типу. River Niagara Erlit. Подбор. Напишите.,80,-1,Каталог 2400+||Прайс монтажа||Доставка Москва/МО||Оплата по факту,65,-1,2400+ моделей. Фильтры по размерам и типам. Выберите вариант||Прозрачный прайс по типу кабины: простая гидро электро бокс.||Москва бесплатно. МО от 40 руб/км от МКАД. Доставка 1-2 дня.||Оплата по факту доставки или монтажа. Наличные или онлайн WA,60,0,Гарантия монтажа 1 год||Оплата по факту||Москва бесплатно||МО 40 руб/км,65,-1
110x80,Душевая кабина 110x80 + монтаж под ключ в день доставки,55,-1,Прайс монтажа: простая/гидро,28,-2,Прозрачный прайс по типу кабины: простая/гидро/электро. Рассчитаем цену. Напишите,81,0,Каталог 2400+||Прайс монтажа||Доставка Москва/МО||Оплата по факту,65,-1,2400+ моделей. Фильтры по размерам и типам. Выберите вариант||Прозрачный прайс по типу кабины: простая гидро электро бокс.||Москва бесплатно. МО от 40 руб/км от МКАД. Доставка 1-2 дня.||Оплата по факту доставки или монтажа. Наличные или онлайн WA,60,0,Гарантия монтажа 1 год||Оплата по факту||Москва бесплатно||МО 40 руб/км,65,-1
120x80,Душевая кабина 120x80 + установка под ключ в Москве/МО,54,-2,Гарантия монтажа 1 год. Сервис,30,0,Соберем и подключим. Запустим. Гарантия монтажа 1 год. Оплата по факту. Пишите.,79,-2,Каталог 2400+||Прайс монтажа||Доставка Москва/МО||Оплата по факту,65,-1,2400+ моделей. Фильтры по размерам и типам. Выберите вариант||Прозрачный прайс по типу кабины: простая гидро электро бокс.||Москва бесплатно. МО от 40 руб/км от МКАД. Доставка 1-2 дня.||Оплата по факту доставки или монтажа. Наличные или онлайн WA,60,0,Гарантия монтажа 1 год||Оплата по факту||Москва бесплатно||МО 40 руб/км,65,-1
120x80,Душевая кабина 120x80 + монтаж под ключ в день доставки,55,-1,Доставка по Москве бесплатно,28,-2,Доставка 1-2 дня и по выходным. Москва бесплатно. МО: 40 руб/км от МКАД. Заявка,79,-2,Каталог 2400+||Прайс монтажа||Доставка Москва/МО||Оплата по факту,65,-1,2400+ моделей. Фильтры по размерам и типам. Выберите вариант||Прозрачный прайс по типу кабины: простая гидро электро бокс.||Москва бесплатно. МО от 40 руб/км от МКАД. Доставка 1-2 дня.||Оплата по факту доставки или монтажа. Наличные или онлайн WA,60,0,Гарантия монтажа 1 год||Оплата по факту||Москва бесплатно||МО 40 руб/км,65,-1
120x80,Душевая кабина 120x80 + установка под ключ в Москве/МО,54,-2,Ответ в WhatsApp. Онлайн/нал,28,-2,Оплата по факту доставки или установки. Нал/онлайн. WhatsApp для связи. Пишите.,79,-2,Каталог 2400+||Прайс монтажа||Доставка Москва/МО||Оплата по факту,65,-1,2400+ моделей. Фильтры по размерам и типам. Выберите вариант||Прозрачный прайс по типу кабины: простая гидро электро бокс.||Москва бесплатно. МО от 40 руб/км от МКАД. Доставка 1-2 дня.||Оплата по факту доставки или монтажа. Наличные или онлайн WA,60,0,Гарантия монтажа 1 год||Оплата по факту||Москва бесплатно||МО 40 руб/км,65,-1
120x80,Душевая кабина 120x80 + установка под ключ в Москве/МО,54,-2,Каталог 2400+ моделей. Фильтры,30,0,2400+ моделей. Фильтры по размеру и типу. River Niagara Erlit. Подбор. Напишите.,80,-1,Каталог 2400+||Прайс монтажа||Доставка Москва/МО||Оплата по факту,65,-1,2400+ моделей. Фильтры по размерам и типам. Выберите вариант||Прозрачный прайс по типу кабины: простая гидро электро бокс.||Москва бесплатно. МО от 40 руб/км от МКАД. Доставка 1-2 дня.||Оплата по факту доставки или монтажа. Наличные или онлайн WA,60,0,Гарантия монтажа 1 год||Оплата по факту||Москва бесплатно||МО 40 руб/км,65,-1
120x80,Душевая кабина 120x80 + монтаж под ключ в день доставки,55,-1,Прайс монтажа: простая/гидро,28,-2,Прозрачный прайс по типу кабины: простая/гидро/электро. Рассчитаем цену. Напишите,81,0,Каталог 2400+||Прайс монтажа||Доставка Москва/МО||Оплата по факту,65,-1,2400+ моделей. Фильтры по размерам и типам. Выберите вариант||Прозрачный прайс по типу кабины: простая гидро электро бокс.||Москва бесплатно. МО от 40 руб/км от МКАД. Доставка 1-2 дня.||Оплата по факту доставки или монтажа. Наличные или онлайн WA,60,0,Гарантия монтажа 1 год||Оплата по факту||Москва бесплатно||МО 40 руб/км,65,-1
120x90,Душевая кабина 120x90 + установка под ключ в Москве/МО,54,-2,Гарантия монтажа 1 год. Сервис,30,0,Соберем и подключим. Запустим. Гарантия монтажа 1 год. Оплата по факту. Пишите.,79,-2,Каталог 2400+||Прайс монтажа||Доставка Москва/МО||Оплата по факту,65,-1,2400+ моделей. Фильтры по размерам и типам. Выберите вариант||Прозрачный прайс по типу кабины: простая гидро электро бокс.||Москва бесплатно. МО от 40 руб/км от МКАД. Доставка 1-2 дня.||Оплата по факту доставки или монтажа. Наличные или онлайн WA,60,0,Гарантия монтажа 1 год||Оплата по факту||Москва бесплатно||МО 40 руб/км,65,-1
120x90,Душевая кабина 120x90 + монтаж под ключ в день доставки,55,-1,Доставка по Москве бесплатно,28,-2,Доставка 1-2 дня и по выходным. Москва бесплатно. МО: 40 руб/км от МКАД. Заявка,79,-2,Каталог 2400+||Прайс монтажа||Доставка Москва/МО||Оплата по факту,65,-1,2400+ моделей. Фильтры по размерам и типам. Выберите вариант||Прозрачный прайс по типу кабины: простая гидро электро бокс.||Москва бесплатно. МО от 40 руб/км от МКАД. Доставка 1-2 дня.||Оплата по факту доставки или монтажа. Наличные или онлайн WA,60,0,Гарантия монтажа 1 год||Оплата по факту||Москва бесплатно||МО 40 руб/км,65,-1
120x90,Душевая кабина 120x90 + установка под ключ в Москве/МО,54,-2,Ответ в WhatsApp. Онлайн/нал,28,-2,Оплата по факту доставки или установки. Нал/онлайн. WhatsApp для связи. Пишите.,79,-2,Каталог 2400+||Прайс монтажа||Доставка Москва/МО||Оплата по факту,65,-1,2400+ моделей. Фильтры по размерам и типам. Выберите вариант||Прозрачный прайс по типу кабины: простая гидро электро бокс.||Москва бесплатно. МО от 40 руб/км от МКАД. Доставка 1-2 дня.||Оплата по факту доставки или монтажа. Наличные или онлайн WA,60,0,Гарантия монтажа 1 год||Оплата по факту||Москва бесплатно||МО 40 руб/км,65,-1
120x90,Душевая кабина 120x90 + установка под ключ в Москве/МО,54,-2,Каталог 2400+ моделей. Фильтры,30,0,2400+ моделей. Фильтры по размеру и типу. River Niagara Erlit. Подбор. Напишите.,80,-1,Каталог 2400+||Прайс монтажа||Доставка Москва/МО||Оплата по факту,65,-1,2400+ моделей. Фильтры по размерам и типам. Выберите вариант||Прозрачный прайс по типу кабины: простая гидро электро бокс.||Москва бесплатно. МО от 40 руб/км от МКАД. Доставка 1-2 дня.||Оплата по факту доставки или монтажа. Наличные или онлайн WA,60,0,Гарантия монтажа 1 год||Оплата по факту||Москва бесплатно||МО 40 руб/км,65,-1
120x90,Душевая кабина 120x90 + монтаж под ключ в день доставки,55,-1,Прайс монтажа: простая/гидро,28,-2,Прозрачный прайс по типу кабины: простая/гидро/электро. Рассчитаем цену. Напишите,81,0,Каталог 2400+||Прайс монтажа||Доставка Москва/МО||Оплата по факту,65,-1,2400+ моделей. Фильтры по размерам и типам. Выберите вариант||Прозрачный прайс по типу кабины: простая гидро электро бокс.||Москва бесплатно. МО от 40 руб/км от МКАД. Доставка 1-2 дня.||Оплата по факту доставки или монтажа. Наличные или онлайн WA,60,0,Гарантия монтажа 1 год||Оплата по факту||Москва бесплатно||МО 40 руб/км,65,-1
