Название группы,Заголовок 1 - До 56 символов,,,Заголовок 2 - До 30 символов,,,Описание - До 81 символа,,
Частный дом,Видеонаблюдение для дачи с экономией до 20%,43,-13,Монтаж за 2 дня. Гарантия 2г,27,-3,Уличные камеры с ночным видением 40м. Контроль 24/7 с телефона,61,-20
,Система видеонаблюдения дома под ключ от HARD PRO,49,-7,10+ лет опыта. 350+ объектов,27,-3,Полный цикл: проект монтаж настройка. Бесплатный выезд инженера,61,-20
,Система безопасности видеонаблюдение коттеджа за 2 дня,54,-2,Скидка 20% на доп. камеры,24,-6,Интеграция в умный дом. Масштабируемая система. Обслуживание,58,-23
,Установка камер для загородного дома под ключ. Звоните!,55,-1,Подбор под ваш бюджет,21,-9,Скрытый монтаж в интерьер. Ночное видео. Удаленный доступ 24/7,60,-21
,,,,,,,,,
Персонал,Заголовок 1 - До 56 символов,,,Заголовок 2 - До 30 символов,,,Описание - До 81 символа,,
,Контроль няни и домработницы через камеры,41,-15,Установка за 2 дня. Звук,23,-7,Следите за работой персонала с телефона. Скрытые камеры в доме,61,-20
,Видеонаблюдение за садовником и рабочими,40,-16,24/7 доступ с мобильного,24,-6,Проверяйте качество работ удаленно. Архив записей. Ночное видео,61,-20
,Камеры для контроля домашнего персонала,39,-17,Монтаж в удобное время,22,-8,Незаметная установка. Запись звука. Уведомления о движении,56,-25
,Следите за няней через систему HARD PRO,39,-17,Гарантия 2 года на технику,26,-4,HD-качество днем и ночью. Просмотр с любого устройства онлайн,60,-21
,,,,,,,,,
,Заголовок 1 - До 56 символов,,,Заголовок 2 - До 30 символов,,,Описание - До 81 символа,,
,,0,-56,Получите спец. предложение!,25,-5,,0,-81
,,0,-56,Получите спец. предложение!,25,-5,,0,-81
,,0,-56,Получите спец. предложение!,25,-5,,0,-81
,,0,-56,Получите спец. предложение!,25,-5,,0,-81
,,,,,,,,,
,Заголовок 1 - До 56 символов,,,Заголовок 2 - До 30 символов,,,Описание - До 81 символа,,
,,0,-56,Получите спец. предложение!,25,-5,,0,-81
,,0,-56,Получите спец. предложение!,25,-5,,0,-81
,,0,-56,Получите спец. предложение!,25,-5,,0,-81
,,0,-56,Получите спец. предложение!,25,-5,,0,-81
,,,,,,,,,
Дети,Заголовок 1 - До 56 символов,,,Заголовок 2 - До 30 символов,,,Описание - До 81 символа,,
,Видеонаблюдение за детьми дома и во дворе,41,-15,Смотрите с телефона 24/7,24,-6,Контроль безопасности ребенка. Ночная съемка. Запись звука,56,-25
,Камеры в детскую комнату с установкой,37,-19,Подключение за 2 дня,20,-10,Наблюдайте за сном и играми. HD-качество. Двусторонняя связь,58,-23
,Безопасность ребенка под видеоконтролем,39,-17,10 лет опыта. Гарантии,21,-9,Уличные и домашние камеры. Оповещения на телефон. Архив записей,61,-20
,Следите за детьми удаленно через HARD PRO,41,-15,Монтаж в удобное время,22,-8,Контроль поведения и безопасности. Ночное видение. Микрофоны,58,-23
,,,,,,,,,
Охрана,Заголовок 1 - До 56 символов,,,Заголовок 2 - До 30 символов,,,Описание - До 81 символа,,
,Охранное видеонаблюдение от HARD PRO,36,-20,Защита 24/7. Гарантия 2г,23,-7,Отпугивание воров. Ночное видение 40м. Интеграция с сигнализацией,63,-18
,Система безопасности против грабителей,38,-18,Установка за 2 дня,18,-12,Камеры по периметру. Датчики движения. Удаленный контроль охраны,62,-19
,Защита от проникновения видеокамерами,37,-19,350+ охраняемых объектов,24,-6,Выявление злоумышленников. HD-запись. Уведомления на телефон,58,-23
,Профессиональная охрана территории 24/7,39,-17,Комплексное решение,19,-11,СКУД+видео+сигнализация. Круглосуточный мониторинг. Архив 90 дней,63,-18
,,,,,,,,,
Общая,Заголовок 1 - До 56 символов,,,Заголовок 2 - До 30 символов,,,Описание - До 81 символа,,
,Видеонаблюдение под ключ от HARD PRO,36,-20,10+ лет опыта. Гарантии,22,-8,Дом офис склад. Монтаж 2 дня. Подбор под бюджет. Обслуживание,58,-23
,Установка камер видеонаблюдения в МСК,37,-19,Перезвоним за 1 час,19,-11,Бесплатный выезд инженера. 350+ объектов. Интеграция в IT-систему,63,-18
,Системы безопасности для бизнеса и дома,39,-17,Скидка 10% на комплекс,22,-8,Видео+СКУД+Wi-Fi+ЛВС. Проект под ключ. Гарантия на всё 2 года,59,-22
,Монтаж видеонаблюдения за 2 дня,31,-25,Работаем по всей Москве,23,-7,Камеры любой сложности. Ночное видение. Удаленный доступ 24/7,59,-22
,Заголовок 1 - До 56 символов,,,Заголовок 2 - До 30 символов,,,Описание - До 81 символа,,
,,0,-56,Получите спец. предложение!,25,-5,,0,-81
,,0,-56,Получите спец. предложение!,25,-5,,0,-81
,,0,-56,Получите спец. предложение!,25,-5,,0,-81
,,0,-56,Получите спец. предложение!,25,-5,,0,-81
,,,,,,,,,
,Заголовок 1 - До 56 символов,,,Заголовок 2 - До 30 символов,,,Описание - До 81 символа,,
,,0,-56,Получите спец. предложение!,25,-5,,0,-81
,,0,-56,Получите спец. предложение!,25,-5,,0,-81
,,0,-56,Получите спец. предложение!,25,-5,,0,-81
,,0,-56,Получите спец. предложение!,25,-5,,0,-81
,,,,,,,,,
,Заголовок 1 - До 56 символов,,,Заголовок 2 - До 30 символов,,,Описание - До 81 символа,,
,,0,-56,Получите спец. предложение!,25,-5,,0,-81
,,0,-56,Получите спец. предложение!,25,-5,,0,-81
,,0,-56,Получите спец. предложение!,25,-5,,0,-81
,,0,-56,Получите спец. предложение!,25,-5,,0,-81
,,,,,,,,,
,Заголовок 1 - До 56 символов,,,Заголовок 2 - До 30 символов,,,Описание - До 81 символа,,
,,0,-56,Получите спец. предложение!,25,-5,,0,-81
,,0,-56,Получите спец. предложение!,25,-5,,0,-81
,,0,-56,Получите спец. предложение!,25,-5,,0,-81
,,0,-56,Получите спец. предложение!,25,-5,,0,-81
,,,,,,,,,
,Заголовок 1 - До 56 символов,,,Заголовок 2 - До 30 символов,,,Описание - До 81 символа,,
,,0,-56,Получите спец. предложение!,25,-5,,0,-81
,,0,-56,Получите спец. предложение!,25,-5,,0,-81
,,0,-56,Получите спец. предложение!,25,-5,,0,-81
,,0,-56,Получите спец. предложение!,25,-5,,0,-81
,,,,,,,,,
,Заголовок 1 - До 56 символов,,,Заголовок 2 - До 30 символов,,,Описание - До 81 символа,,
,,0,-56,Получите спец. предложение!,25,-5,,0,-81
,,0,-56,Получите спец. предложение!,25,-5,,0,-81
,,0,-56,Получите спец. предложение!,25,-5,,0,-81
,,0,-56,Получите спец. предложение!,25,-5,,0,-81
,,,,,,,,,
,Заголовок 1 - До 56 символов,,,Заголовок 2 - До 30 символов,,,Описание - До 81 символа,,
,,0,-56,Получите спец. предложение!,25,-5,,0,-81
,,0,-56,Получите спец. предложение!,25,-5,,0,-81
,,0,-56,Получите спец. предложение!,25,-5,,0,-81
,,0,-56,Получите спец. предложение!,25,-5,,0,-81
,,,,,,,,,
,Заголовок 1 - До 56 символов,,,Заголовок 2 - До 30 символов,,,Описание - До 81 символа,,
,,0,-56,Получите спец. предложение!,25,-5,,0,-81
,,0,-56,Получите спец. предложение!,25,-5,,0,-81
,,0,-56,Получите спец. предложение!,25,-5,,0,-81
,,0,-56,Получите спец. предложение!,25,-5,,0,-81
,,,,,,,,,
,,,,,,,,,
,,,,,,,,,
Для всех РК,Быстрые сслыки - До 30 символов,,,Описание - До 60 символов,,,Посадочная страница,,
,Модельный ряд,13,-17,Актуальные модели JAECOO,24,-36,https://silver-jaecoo-mgn.ru/?utm_medium=cpc&utm_source=yandex_sin_jaecoo_mgn&utm_campaign={campaign_name}&utm_term={keyword}&utm_content=cid_{campaign_id}|ct_{campaign_type}|gr_{gbid}|b_{ad_id}|re_{retargeting_id}|cre_{coef_goal_context_id}|ph_{phrase_id}|drf_{addphrases}|mt_{match_type}|mk_{matched_keyword}|st_{source_type}|s_{source}|p_{position}|pt_{position_type}|dt_{device_type}|reg_{region_id}_{region_name}&calltouch_tm=yd_c:{campaign_id}_gb:{gbid}_ad:{ad_id}_ph:{phrase_id}_st:{source_type}_pt:{position_type}_p:{position}_s:{source}_dt:{device_type}_reg:{region_id}_ret:{retargeting_id}_apt:{addphrasestext},,
,Комплектации,12,-18,Сравните комплектации JAECOO,28,-32,,,
,Заказать звонок,15,-15,Заполните форму обратной связи и мы вам перезвоним,50,-10,,,
,Трейд-ин,8,-22,Экспресс-оценка вашего автомобиля,33,-27,,,
,Тест-драйв,10,-20,Онлайн запись на тест-драйв ,28,-32,,,
,Преимущества,12,-18,Оцените преимущества JAECOO,27,-33,,,
,Характеристики,14,-16,Узнайте подробные технические характеристики JAECOO,51,-9,,,
,Контакты,8,-22,"Номер телефона, время работы и адрес",35,-25,,,
,,,,,,,,,
,,,,,,,,,
,,,,,,,,,
Для всех РК,Уточнения - До 25 символов,,,,,,,,
,"ул. 50 лет Победы, 34",19,-6,,,,,,
,Покупка за 1 день,17,-8,,,,,,
,Прозрачные цены,15,-10,,,,,,
,Ограниченное предложение,24,-1,,,,,,
,,,,,,,,,
Показывается до 66 символов на смартфонах и 132 символа для десктопа,,75,,,,,,,